{
  "accuracy": 0.8666666666666667,
  "classification_report": {
    "negative": {
      "precision": 1.0,
      "recall": 0.6666666666666666,
      "f1-score": 0.8,
      "support": 6.0
    },
    "neutral": {
      "precision": 0.6,
      "recall": 1.0,
      "f1-score": 0.75,
      "support": 3.0
    },
    "positive": {
      "precision": 1.0,
      "recall": 1.0,
      "f1-score": 1.0,
      "support": 6.0
    },
    "accuracy": 0.8666666666666667,
    "macro avg": {
      "precision": 0.8666666666666667,
      "recall": 0.8888888888888888,
      "f1-score": 0.85,
      "support": 15.0
    },
    "weighted avg": {
      "precision": 0.92,
      "recall": 0.8666666666666667,
      "f1-score": 0.87,
      "support": 15.0
    }
  },
  "confusion_matrix": [
    [
      4,
      2,
      0
    ],
    [
      0,
      3,
      0
    ],
    [
      0,
      0,
      6
    ]
  ],
  "sentiment_distribution": {
    "positive": 6,
    "neutral": 5,
    "negative": 4
  }
}